{
  "zero_v": 2.386128972605802,
  "span_v": 2.2704992982256225,
  "known_weight": 50.0,
  "unit": "g"
}